<?xml version="1.0" encoding="utf-8"?><!-- Copyright (c) Microsoft Corporation.  All rights reserved. --><GroupPolicyBackupScheme bkp:version="2.0" bkp:type="GroupPolicyBackupTemplate" xmlns:bkp="http://www.microsoft.com/GroupPolicy/GPOOperations" xmlns="http://www.microsoft.com/GroupPolicy/GPOOperations">
    <GroupPolicyObject><SecurityGroups><Group bkp:Source="FromDACL"><Sid><![CDATA[S-1-5-21-392630631-3214265150-2587659490-519]]></Sid><SamAccountName><![CDATA[Enterprise Admins]]></SamAccountName><Type><![CDATA[UniversalGroup]]></Type><NetBIOSDomainName><![CDATA[PTE]]></NetBIOSDomainName><DnsDomainName><![CDATA[scrub.local]]></DnsDomainName><UPN><![CDATA[Enterprise Admins@scrub.local]]></UPN></Group><Group bkp:Source="FromDACL"><Sid><![CDATA[S-1-5-21-392630631-3214265150-2587659490-512]]></Sid><SamAccountName><![CDATA[Domain Admins]]></SamAccountName><Type><![CDATA[GlobalGroup]]></Type><NetBIOSDomainName><![CDATA[PTE]]></NetBIOSDomainName><DnsDomainName><![CDATA[scrub.local]]></DnsDomainName><UPN><![CDATA[Domain Admins@scrub.local]]></UPN></Group></SecurityGroups><FilePaths/><GroupPolicyCoreSettings><ID><![CDATA[{9CEA63DF-4440-4FA9-953F-BF86A4BE8E10}]]></ID><Domain><![CDATA[scrub.local]]></Domain><SecurityDescriptor>01 00 04 9c 00 00 00 00 00 00 00 00 00 00 00 00 14 00 00 00 04 00 ec 00 08 00 00 00 05 02 28 00 00 01 00 00 01 00 00 00 8f fd ac ed b3 ff d1 11 b4 1d 00 a0 c9 68 f9 39 01 01 00 00 00 00 00 05 0b 00 00 00 00 00 24 00 ff 00 0f 00 01 05 00 00 00 00 00 05 15 00 00 00 67 11 67 17 3e cb 95 bf e2 8c 3c 9a 00 02 00 00 00 02 24 00 ff 00 0f 00 01 05 00 00 00 00 00 05 15 00 00 00 67 11 67 17 3e cb 95 bf e2 8c 3c 9a 00 02 00 00 00 02 24 00 ff 00 0f 00 01 05 00 00 00 00 00 05 15 00 00 00 67 11 67 17 3e cb 95 bf e2 8c 3c 9a 07 02 00 00 00 02 14 00 94 00 02 00 01 01 00 00 00 00 00 05 09 00 00 00 00 02 14 00 94 00 02 00 01 01 00 00 00 00 00 05 0b 00 00 00 00 02 14 00 ff 00 0f 00 01 01 00 00 00 00 00 05 12 00 00 00 00 0a 14 00 ff 00 0f 00 01 01 00 00 00 00 00 03 00 00 00 00</SecurityDescriptor><DisplayName><![CDATA[CIT-RMM-Install-Script]]></DisplayName><Options><![CDATA[0]]></Options><UserVersionNumber><![CDATA[0]]></UserVersionNumber><MachineVersionNumber><![CDATA[3670072]]></MachineVersionNumber><MachineExtensionGuids><![CDATA[[{00000000-0000-0000-0000-000000000000}{CAB54552-DEEA-4691-817E-ED4A4D1AFC72}][{AADCED64-746C-4633-A97C-D61349046527}{CAB54552-DEEA-4691-817E-ED4A4D1AFC72}]]]></MachineExtensionGuids><UserExtensionGuids/><WMIFilter/></GroupPolicyCoreSettings> 
        <GroupPolicyExtension bkp:ID="{35378EAC-683F-11D2-A89A-00C04FBBCFA2}" bkp:DescName="Registry">
            
            
            <FSObjectFile bkp:Path="%GPO_FSPATH%\Adm\*.*" bkp:SourceExpandedPath="\\Scrubbed.scrub.local\sysvol\scrub.local\Policies\{9CEA63DF-4440-4FA9-953F-BF86A4BE8E10}\Adm\*.*"/>
        </GroupPolicyExtension>
        
        
        
        
        
        
        
        
        
    <GroupPolicyExtension bkp:ID="{F15C46CD-82A0-4C2D-A210-5D0D3182A418}" bkp:DescName="Unknown Extension"><FSObjectDir bkp:Path="%GPO_MACH_FSPATH%\Preferences" bkp:SourceExpandedPath="\\Scrubbed.scrub.local\sysvol\scrub.local\Policies\{9CEA63DF-4440-4FA9-953F-BF86A4BE8E10}\Machine\Preferences" bkp:Location="DomainSysvol\GPO\Machine\Preferences"/><FSObjectDir bkp:Path="%GPO_MACH_FSPATH%\Preferences\ScheduledTasks" bkp:SourceExpandedPath="\\Scrubbed.scrub.local\sysvol\scrub.local\Policies\{9CEA63DF-4440-4FA9-953F-BF86A4BE8E10}\Machine\Preferences\ScheduledTasks" bkp:Location="DomainSysvol\GPO\Machine\Preferences\ScheduledTasks"/><FSObjectFile bkp:Path="%GPO_MACH_FSPATH%\Preferences\ScheduledTasks\ScheduledTasks.xml" bkp:SourceExpandedPath="\\Scrubbed.scrub.local\sysvol\scrub.local\Policies\{9CEA63DF-4440-4FA9-953F-BF86A4BE8E10}\Machine\Preferences\ScheduledTasks\ScheduledTasks.xml" bkp:Location="DomainSysvol\GPO\Machine\Preferences\ScheduledTasks\ScheduledTasks.xml"/><FSObjectDir bkp:Path="%GPO_MACH_FSPATH%\Scripts" bkp:SourceExpandedPath="\\Scrubbed.scrub.local\sysvol\scrub.local\Policies\{9CEA63DF-4440-4FA9-953F-BF86A4BE8E10}\Machine\Scripts" bkp:Location="DomainSysvol\GPO\Machine\Scripts"/><FSObjectDir bkp:Path="%GPO_MACH_FSPATH%\Scripts\Shutdown" bkp:SourceExpandedPath="\\Scrubbed.scrub.local\sysvol\scrub.local\Policies\{9CEA63DF-4440-4FA9-953F-BF86A4BE8E10}\Machine\Scripts\Shutdown" bkp:Location="DomainSysvol\GPO\Machine\Scripts\Shutdown"/><FSObjectDir bkp:Path="%GPO_MACH_FSPATH%\Scripts\Startup" bkp:SourceExpandedPath="\\Scrubbed.scrub.local\sysvol\scrub.local\Policies\{9CEA63DF-4440-4FA9-953F-BF86A4BE8E10}\Machine\Scripts\Startup" bkp:Location="DomainSysvol\GPO\Machine\Scripts\Startup"/></GroupPolicyExtension></GroupPolicyObject>
</GroupPolicyBackupScheme>