<BackupInst xmlns="http://www.microsoft.com/GroupPolicy/GPOOperations/Manifest"><GPOGuid><![CDATA[{9CEA63DF-4440-4FA9-953F-BF86A4BE8E10}]]></GPOGuid><GPODomain><![CDATA[$$DomainFull$$]]></GPODomain><GPODomainGuid><![CDATA[{1f05b70f-337b-45cb-8cd4-a40b04b4462c}]]></GPODomainGuid><GPODomainController><![CDATA[$$DomainServerFQDN$$]]></GPODomainController><BackupTime><![CDATA[2023-05-12T07:38:47]]></BackupTime><ID><![CDATA[{09231D7B-DC18-4A3B-A102-EBA24BB2B353}]]></ID><Comment><![CDATA[]]></Comment><GPODisplayName><![CDATA[CIT-RMM-Install]]></GPODisplayName></BackupInst>
