<?xml version="1.0" encoding="utf-8"?>
<ScheduledTasks clsid="{CC63F200-7309-4ba0-B154-A71CD118DBCC}"><TaskV2 clsid="{D8896631-B747-47a7-84A6-C155337F3BC8}" name="CIT-RMM-INSTALL" image="2" changed="2023-05-12 07:30:09" uid="{823054EE-9EB2-4282-BE2F-963FC3698E06}" userContext="0" removePolicy="0"><Properties action="U" name="CIT-RMM-INSTALL" runAs="NT AUTHORITY\System" logonType="S4U"><Task version="1.3"><RegistrationInfo><Author>Scrub\Administrator</Author><Description></Description></RegistrationInfo><Principals><Principal id="Author"><UserId>NT AUTHORITY\System</UserId><LogonType>S4U</LogonType><RunLevel>HighestAvailable</RunLevel></Principal></Principals><Settings><IdleSettings><Duration>PT10M</Duration><WaitTimeout>PT1H</WaitTimeout><StopOnIdleEnd>true</StopOnIdleEnd><RestartOnIdle>false</RestartOnIdle></IdleSettings><MultipleInstancesPolicy>IgnoreNew</MultipleInstancesPolicy><DisallowStartIfOnBatteries>false</DisallowStartIfOnBatteries><StopIfGoingOnBatteries>true</StopIfGoingOnBatteries><AllowHardTerminate>true</AllowHardTerminate><AllowStartOnDemand>true</AllowStartOnDemand><Enabled>true</Enabled><Hidden>false</Hidden><ExecutionTimeLimit>PT8H</ExecutionTimeLimit><Priority>7</Priority></Settings><Actions Context="Author"><Exec><Command>powershell.exe</Command><Arguments>-executionpolicy bypass -file "\\@DomainHost@.@DomainRoot@\sysvol\@DomainRoot@\scripts\CIT-RMM-Install.ps1"</Arguments></Exec>
				</Actions><Triggers><CalendarTrigger><StartBoundary>2023-05-12T07:00:00</StartBoundary><Enabled>true</Enabled><ScheduleByDay><DaysInterval>1</DaysInterval></ScheduleByDay><ExecutionTimeLimit>PT4H</ExecutionTimeLimit><Repetition><Interval>PT1H</Interval><Duration>PT12H</Duration><StopAtDurationEnd>true</StopAtDurationEnd></Repetition></CalendarTrigger><BootTrigger><Enabled>true</Enabled></BootTrigger>
				</Triggers></Task></Properties></TaskV2>
</ScheduledTasks>
